<?xml version="1.0" encoding="UTF-8" standalone="yes"?>
<addon id="repository.aligoshgar" name="Aligoshgar Repository" provider-name="Aligoshgar" version="5.0">
	<extension point="xbmc.addon.repository" name="Aligoshgar Repository">
		<dir>
			<info compressed="false">https://aligoshgar.github.io/repo/addons.xml</info>
			<checksum>https://aligoshgar.github.io/repo/addons.xml.md5</checksum>
			<datadir zip="true">https://aligoshgar.github.io/repo/</datadir>
		</dir>
	</extension>
	<extension point="xbmc.addon.metadata">
		<platform>all</platform>
		<description lang="en">Addons by Aligoshgar</description>
		<website>https://aligoshgar.github.io</website>
		<assets>
			<icon>icon.png</icon>
		</assets> 
	</extension>
</addon>