<?xml version="1.0" encoding="UTF-8" standalone="yes"?>
<addon id="repository.michaz" name="Michaz Repository" provider-name="Michaz" version="5.0">
	<extension point="xbmc.addon.repository" name="Michaz Repository">
		<dir>
			<info compressed="false">https://aligoshgar.github.io/addons.xml</info>
			<checksum>https://aligoshgar.github.io/addons.xml.md5</checksum>
			<datadir zip="true">https://aligoshgar.github.io/</datadir>
		</dir>
	</extension>
	<extension point="xbmc.addon.metadata">
		<platform>all</platform>
		<description lang="en">Addons by Michaz</description>
		<website>https://michaz1988.github.io</website>
		<assets>
			<icon>icon.png</icon>
		</assets> 
	</extension>
</addon>